{
    "accessapproval": "1.7.5",
    "accesscontextmanager": "1.8.5",
    "advisorynotifications": "1.3.1",
    "ai": "0.3.2",
    "aiplatform": "1.61.0",
    "alloydb": "1.8.1",
    "analytics": "0.23.0",
    "apigateway": "1.6.5",
    "apigeeconnect": "1.6.5",
    "apigeeregistry": "0.8.3",
    "apikeys": "1.1.5",
    "appengine": "1.8.5",
    "apps": "0.4.0",
    "area120": "0.8.5",
    "artifactregistry": "1.14.7",
    "asset": "1.17.2",
    "assuredworkloads": "1.11.5",
    "automl": "1.13.5",
    "baremetalsolution": "1.2.4",
    "batch": "1.8.1",
    "beyondcorp": "1.0.4",
    "billing": "1.18.3",
    "binaryauthorization": "1.8.1",
    "certificatemanager": "1.7.5",
    "channel": "1.17.5",
    "cloudbuild": "1.15.1",
    "clouddms": "1.7.4",
    "cloudprofiler": "0.2.1",
    "cloudquotas": "0.1.1",
    "cloudtasks": "1.12.6",
    "commerce": "0.1.4",
    "compute": "1.24.0",
    "compute/metadata": "0.2.3",
    "confidentialcomputing": "1.4.1",
    "config": "0.2.1",
    "contactcenterinsights": "1.13.0",
    "container": "1.31.0",
    "containeranalysis": "0.11.4",
    "datacatalog": "1.19.3",
    "dataflow": "0.9.5",
    "dataform": "0.9.2",
    "datafusion": "1.7.5",
    "datalabeling": "0.8.5",
    "dataplex": "1.14.2",
    "dataproc": "2.4.0",
    "dataqna": "0.8.5",
    "datastream": "1.10.4",
    "deploy": "1.17.1",
    "dialogflow": "1.49.0",
    "discoveryengine": "1.5.0",
    "dlp": "1.11.2",
    "documentai": "1.26.0",
    "domains": "0.9.5",
    "edgecontainer": "1.1.5",
    "edgenetwork": "0.2.1",
    "essentialcontacts": "1.6.6",
    "eventarc": "1.13.4",
    "filestore": "1.8.1",
    "functions": "1.16.0",
    "gkebackup": "1.3.5",
    "gkeconnect": "0.8.5",
    "gkehub": "0.14.5",
    "gkemulticloud": "1.1.1",
    "grafeas": "0.3.4",
    "gsuiteaddons": "1.6.5",
    "iam": "1.1.6",
    "iap": "1.9.4",
    "ids": "1.4.5",
    "iot": "1.7.5",
    "kms": "1.15.7",
    "language": "1.12.3",
    "lifesciences": "0.9.5",
    "longrunning": "0.5.5",
    "managedidentities": "1.6.5",
    "maps": "1.7.0",
    "mediatranslation": "0.8.5",
    "memcache": "1.10.5",
    "metastore": "1.13.4",
    "migrationcenter": "0.2.4",
    "monitoring": "1.18.0",
    "netapp": "0.2.4",
    "networkconnectivity": "1.14.4",
    "networkmanagement": "1.9.4",
    "networksecurity": "0.9.5",
    "notebooks": "1.11.3",
    "optimization": "1.6.3",
    "orchestration": "1.9.0",
    "orgpolicy": "1.12.1",
    "osconfig": "1.12.5",
    "oslogin": "1.13.1",
    "parallelstore": "0.1.0",
    "phishingprotection": "0.8.5",
    "policysimulator": "0.2.3",
    "policytroubleshooter": "1.10.3",
    "privatecatalog": "0.9.5",
    "rapidmigrationassessment": "1.0.5",
    "recaptchaenterprise": "2.10.0",
    "recommendationengine": "0.8.5",
    "recommender": "1.12.1",
    "redis": "1.14.2",
    "resourcemanager": "1.9.5",
    "resourcesettings": "1.6.5",
    "retail": "1.16.0",
    "run": "1.3.4",
    "scheduler": "1.10.6",
    "secretmanager": "1.11.5",
    "securesourcemanager": "0.1.3",
    "security": "1.15.5",
    "securitycenter": "1.25.0",
    "securitycentermanagement": "0.1.4",
    "securityposture": "0.1.1",
    "servicecontrol": "1.13.0",
    "servicedirectory": "1.11.4",
    "servicehealth": "0.1.2",
    "servicemanagement": "1.9.6",
    "serviceusage": "1.8.4",
    "shell": "1.7.5",
    "shopping": "0.3.1",
    "spanner/test/opentelemetry/test": "0.0.0",
    "speech": "1.21.1",
    "storageinsights": "1.0.5",
    "storagetransfer": "1.10.4",
    "support": "1.0.4",
    "talent": "1.6.6",
    "telcoautomation": "0.2.0",
    "texttospeech": "1.7.5",
    "tpu": "1.6.5",
    "trace": "1.10.5",
    "translate": "1.10.1",
    "video": "1.20.4",
    "videointelligence": "1.11.5",
    "vision": "2.8.0",
    "visionai": "0.1.0",
    "vmmigration": "1.7.5",
    "vmwareengine": "1.1.1",
    "vpcaccess": "1.7.5",
    "webrisk": "1.9.5",
    "websecurityscanner": "1.6.5",
    "workflows": "1.12.4",
    "workstations": "0.5.4"
}
